{
  "PERSON": {
    "precision": 0.8947368421052632,
    "recall": 0.5151515151515151,
    "f1-score": 0.6538461538461537,
    "support": 33,
    "confused_with": {}
  },
  "color": {
    "precision": 1.0,
    "recall": 0.8823529411764706,
    "f1-score": 0.9375,
    "support": 51,
    "confused_with": {}
  },
  "category": {
    "precision": 0.8888888888888888,
    "recall": 0.9090909090909091,
    "f1-score": 0.8988764044943819,
    "support": 44,
    "confused_with": {}
  },
  "gender": {
    "precision": 0.9438202247191011,
    "recall": 1.0,
    "f1-score": 0.9710982658959537,
    "support": 84,
    "confused_with": {}
  },
  "comparator": {
    "precision": 0.9,
    "recall": 1.0,
    "f1-score": 0.9473684210526316,
    "support": 27,
    "confused_with": {}
  },
  "micro avg": {
    "precision": 0.9342105263157895,
    "recall": 0.891213389121339,
    "f1-score": 0.9122055674518201,
    "support": 239
  },
  "macro avg": {
    "precision": 0.9254891911426506,
    "recall": 0.861319073083779,
    "f1-score": 0.8817378490578243,
    "support": 239
  },
  "weighted avg": {
    "precision": 0.9339678902802898,
    "recall": 0.891213389121339,
    "f1-score": 0.9041472241772261,
    "support": 239
  }
}